INSERT INTO users (username, email, password_hash, created_at, last_login_at) VALUES
('john_doe', 'john.doe@email.com', '$2b$12$LQv3c1yqBWVHxkd0LHAkCOYz6TtxMQJqhN8/LeWsWDYEECEsJUz/u', '2024-01-15 10:30:00', '2025-05-25 14:22:00'),
('jane_smith', 'jane.smith@email.com', '$2b$12$NfZSWDX1Ycbt7gNMKfSzUeB7iUpg2k8T9fNuBBDKRZt9bP5eiJ2YS', '2024-01-20 09:15:00', '2025-05-24 16:45:00'),
('mike_wilson', 'mike.wilson@email.com', '$2b$12$8RbvYeVFoRtVSZ5SvQNtMOp.j8FrankQk8F7qN2kJp0xYZnBkdHG6', '2024-02-01 11:20:00', '2025-05-23 12:30:00'),
('sarah_jones', 'sarah.jones@email.com', '$2b$12$gNq2r3s4t5u6v7w8x9y0zAbCdEfGhIjKlMnOpQrStUvWxYzAbCdEf', '2024-02-10 13:45:00', '2025-05-26 08:15:00'),
('alex_brown', 'alex.brown@email.com', '$2b$12$HiJkLmNoPqRsTuVwXyZ012AbCdEfGhIjKlMnOpQrStUvWxYzAbCd', '2024-02-15 16:30:00', '2025-05-22 19:20:00'),
('emma_davis', 'emma.davis@email.com', '$2b$12$XyZ012AbCdEfGhIjKlMnOpQrStUvWxYzAbCdEfGhIjKlMnOpQrSt', '2024-03-01 08:45:00', '2025-05-25 10:35:00'),
('ryan_miller', 'ryan.miller@email.com', '$2b$12$QrStUvWxYzAbCdEfGhIjKlMnOpQrStUvWxYzAbCdEfGhIjKlMnOp', '2024-03-05 14:20:00', '2025-05-24 15:10:00'),
('lisa_taylor', 'lisa.taylor@email.com', '$2b$12$AbCdEfGhIjKlMnOpQrStUvWxYzAbCdEfGhIjKlMnOpQrStUvWxYz', '2024-03-10 12:15:00', '2025-05-26 11:45:00'),
('david_garcia', 'david.garcia@email.com', '$2b$12$EfGhIjKlMnOpQrStUvWxYzAbCdEfGhIjKlMnOpQrStUvWxYzAbCd', '2024-03-15 17:30:00', '2025-05-23 13:25:00'),
('amy_martinez', 'amy.martinez@email.com', '$2b$12$IjKlMnOpQrStUvWxYzAbCdEfGhIjKlMnOpQrStUvWxYzAbCdEfGh', '2024-03-20 09:50:00', '2025-05-25 17:40:00'),
('chris_rodriguez', 'chris.rodriguez@email.com', '$2b$12$MnOpQrStUvWxYzAbCdEfGhIjKlMnOpQrStUvWxYzAbCdEfGhIjKl', '2024-04-01 11:25:00', '2025-05-24 14:55:00'),
('natalie_lee', 'natalie.lee@email.com', '$2b$12$QrStUvWxYzAbCdEfGhIjKlMnOpQrStUvWxYzAbCdEfGhIjKlMnOp', '2024-04-05 15:40:00', '2025-05-26 09:30:00'),
('kevin_white', 'kevin.white@email.com', '$2b$12$UvWxYzAbCdEfGhIjKlMnOpQrStUvWxYzAbCdEfGhIjKlMnOpQrSt', '2024-04-10 13:10:00', '2025-05-23 16:20:00'),
('michelle_clark', 'michelle.clark@email.com', '$2b$12$YzAbCdEfGhIjKlMnOpQrStUvWxYzAbCdEfGhIjKlMnOpQrStUvWx', '2024-04-15 10:35:00', '2025-05-25 12:15:00'),
('brandon_hall', 'brandon.hall@email.com', '$2b$12$CdEfGhIjKlMnOpQrStUvWxYzAbCdEfGhIjKlMnOpQrStUvWxYzAb', '2024-04-20 16:20:00', '2025-05-24 18:45:00');

INSERT INTO user_sessions (session_id, user_id, ip_address, user_agent, created_at, expires_at, last_activity_at) VALUES
('sess_1a2b3c4d5e6f7g8h', 1, '192.168.1.100', 'Mozilla/5.0 (Windows NT 10.0; Win64; x64) AppleWebKit/537.36', '2025-05-26 08:30:00', '2025-05-27 08:30:00', '2025-05-26 10:15:00'),
('sess_2b3c4d5e6f7g8h9i', 2, '192.168.1.101', 'Mozilla/5.0 (Macintosh; Intel Mac OS X 10_15_7) AppleWebKit/537.36', '2025-05-26 09:15:00', '2025-05-27 09:15:00', '2025-05-26 11:30:00'),
('sess_3c4d5e6f7g8h9i0j', 3, '192.168.1.102', 'Mozilla/5.0 (X11; Linux x86_64) AppleWebKit/537.36', '2025-05-25 14:20:00', '2025-05-26 14:20:00', '2025-05-25 16:45:00'),
('sess_4d5e6f7g8h9i0j1k', 4, '10.0.0.50', 'Mozilla/5.0 (iPhone; CPU iPhone OS 15_0 like Mac OS X)', '2025-05-26 07:45:00', '2025-05-27 07:45:00', '2025-05-26 09:20:00'),
('sess_5e6f7g8h9i0j1k2l', 5, '10.0.0.51', 'Mozilla/5.0 (Android 12; Mobile; rv:91.0) Gecko/91.0 Firefox/91.0', '2025-05-25 16:30:00', '2025-05-26 16:30:00', '2025-05-25 18:15:00'),
('sess_6f7g8h9i0j1k2l3m', 6, '172.16.0.10', 'Mozilla/5.0 (Windows NT 10.0; Win64; x64; rv:91.0) Gecko/20100101 Firefox/91.0', '2025-05-26 10:00:00', '2025-05-27 10:00:00', '2025-05-26 12:30:00'),
('sess_7g8h9i0j1k2l3m4n', 7, '172.16.0.11', 'Mozilla/5.0 (Macintosh; Intel Mac OS X 10_15_7) AppleWebKit/605.1.15', '2025-05-24 13:45:00', '2025-05-25 13:45:00', '2025-05-24 15:20:00'),
('sess_8h9i0j1k2l3m4n5o', 8, '192.168.0.25', 'Mozilla/5.0 (Windows NT 11.0; Win64; x64) AppleWebKit/537.36', '2025-05-26 11:20:00', '2025-05-27 11:20:00', '2025-05-26 13:45:00'),
('sess_9i0j1k2l3m4n5o6p', 9, '192.168.0.26', 'Mozilla/5.0 (iPad; CPU OS 15_0 like Mac OS X) AppleWebKit/605.1.15', '2025-05-25 12:15:00', '2025-05-26 12:15:00', '2025-05-25 14:40:00'),
('sess_0j1k2l3m4n5o6p7q', 10, '10.1.1.100', 'Mozilla/5.0 (X11; Ubuntu; Linux x86_64; rv:91.0) Gecko/20100101 Firefox/91.0', '2025-05-26 15:30:00', '2025-05-27 15:30:00', '2025-05-26 17:20:00'),
('sess_1k2l3m4n5o6p7q8r', 11, '10.1.1.101', 'Mozilla/5.0 (Windows NT 10.0; Win64; x64) Edge/91.0.864.59', '2025-05-24 09:45:00', '2025-05-25 09:45:00', '2025-05-24 11:30:00'),
('sess_2l3m4n5o6p7q8r9s', 12, '203.0.113.15', 'Mozilla/5.0 (Macintosh; Intel Mac OS X 10_14_6) AppleWebKit/537.36', '2025-05-26 14:10:00', '2025-05-27 14:10:00', '2025-05-26 16:25:00'),
('sess_3m4n5o6p7q8r9s0t', 13, '203.0.113.16', 'Mozilla/5.0 (Android 11; Mobile; rv:89.0) Gecko/89.0 Firefox/89.0', '2025-05-25 17:20:00', '2025-05-26 17:20:00', '2025-05-25 19:10:00'),
('sess_4n5o6p7q8r9s0t1u', 14, '198.51.100.50', 'Mozilla/5.0 (iPhone; CPU iPhone OS 14_0 like Mac OS X)', '2025-05-26 08:15:00', '2025-05-27 08:15:00', '2025-05-26 10:40:00'),
('sess_5o6p7q8r9s0t1u2v', 15, '198.51.100.51', 'Mozilla/5.0 (Windows NT 10.0; Win64; x64) Chrome/91.0.4472.124', '2025-05-25 13:30:00', '2025-05-26 13:30:00', '2025-05-25 15:45:00');

INSERT INTO session_data (session_id, attribute_key, attribute_value, created_at) VALUES
('sess_1a2b3c4d5e6f7g8h', 'cart_items', '["item1", "item2", "item3"]', '2025-05-26 08:35:00'),
('sess_1a2b3c4d5e6f7g8h', 'last_page', '/products/electronics', '2025-05-26 10:15:00'),
('sess_2b3c4d5e6f7g8h9i', 'shopping_cart', '{"total": 125.50, "items": 3}', '2025-05-26 09:20:00'),
('sess_2b3c4d5e6f7g8h9i', 'preferred_currency', 'USD', '2025-05-26 09:15:00'),
('sess_3c4d5e6f7g8h9i0j', 'form_data', '{"name": "temp", "email": "temp@email.com"}', '2025-05-25 14:25:00'),
('sess_3c4d5e6f7g8h9i0j', 'viewed_products', '["prod_1", "prod_5", "prod_12"]', '2025-05-25 16:45:00'),
('sess_4d5e6f7g8h9i0j1k', 'mobile_app_version', '2.1.0', '2025-05-26 07:50:00'),
('sess_4d5e6f7g8h9i0j1k', 'location_permission', 'granted', '2025-05-26 07:45:00'),
('sess_5e6f7g8h9i0j1k2l', 'search_history', '["laptops", "smartphones", "tablets"]', '2025-05-25 16:35:00'),
('sess_5e6f7g8h9i0j1k2l', 'filters_applied', '{"price": "100-500", "brand": "Samsung"}', '2025-05-25 18:15:00'),
('sess_6f7g8h9i0j1k2l3m', 'wishlist', '["wish_item_1", "wish_item_7"]', '2025-05-26 10:05:00'),
('sess_6f7g8h9i0j1k2l3m', 'checkout_step', '2', '2025-05-26 12:30:00'),
('sess_7g8h9i0j1k2l3m4n', 'session_timeout_warning', 'shown', '2025-05-24 15:20:00'),
('sess_7g8h9i0j1k2l3m4n', 'auto_save_data', '{"draft": "newsletter content"}', '2025-05-24 13:50:00'),
('sess_8h9i0j1k2l3m4n5o', 'comparison_list', '["item_a", "item_b", "item_c"]', '2025-05-26 11:25:00'),
('sess_8h9i0j1k2l3m4n5o', 'recently_viewed', '["cat_electronics", "cat_books"]', '2025-05-26 13:45:00'),
('sess_9i0j1k2l3m4n5o6p', 'tablet_orientation', 'landscape', '2025-05-25 12:20:00'),
('sess_9i0j1k2l3m4n5o6p', 'font_size_preference', 'large', '2025-05-25 14:40:00'),
('sess_0j1k2l3m4n5o6p7q', 'debug_mode', 'enabled', '2025-05-26 15:35:00'),
('sess_1k2l3m4n5o6p7q8r', 'newsletter_popup', 'dismissed', '2025-05-24 09:50:00');

INSERT INTO user_preferences (user_id, theme, language, notifications_enabled, updated_at) VALUES
(1, 'dark', 'en', TRUE, '2025-05-20 14:30:00'),
(2, 'light', 'en', TRUE, '2025-05-18 10:15:00'),
(3, 'dark', 'es', FALSE, '2025-05-22 16:45:00'),
(4, 'light', 'fr', TRUE, '2025-05-19 11:20:00'),
(5, 'auto', 'en', TRUE, '2025-05-21 13:50:00'),
(6, 'dark', 'de', FALSE, '2025-05-17 09:30:00'),
(7, 'light', 'en', TRUE, '2025-05-23 15:25:00'),
(8, 'dark', 'it', TRUE, '2025-05-20 12:40:00'),
(9, 'light', 'pt', FALSE, '2025-05-24 17:15:00'),
(10, 'auto', 'en', TRUE, '2025-05-16 08:55:00'),
(11, 'dark', 'ja', TRUE, '2025-05-25 14:20:00'),
(12, 'light', 'ko', FALSE, '2025-05-19 11:35:00'),
(13, 'dark', 'zh', TRUE, '2025-05-22 16:10:00'),
(14, 'auto', 'en', TRUE, '2025-05-21 13:45:00'),
(15, 'light', 'ru', FALSE, '2025-05-18 10:25:00');